{
 "parent": "item/generated",
 "textures": {
 "layer0": "item/stick"
 },
 
 "overrides": [
 {"predicate": {"custom_model_data":1000}, "model": "infection:item/crate"},
 {"predicate": {"custom_model_data":251}, "model": "infection:item/medkit_1"},
 {"predicate": {"custom_model_data":252}, "model": "infection:item/medkit_2"},
 {"predicate": {"custom_model_data":253}, "model": "infection:item/medkit_3"},
 {"predicate": {"custom_model_data":254}, "model": "infection:item/adrenaline_1"},
 {"predicate": {"custom_model_data":255}, "model": "infection:item/adrenaline_2"},
 {"predicate": {"custom_model_data":256}, "model": "infection:item/adrenaline_3"}
 ]
}